76,Accord,753
76,Airwave,754
76,Ascot,755
76,Avancier,756
76,Beat,757
76,Capa,758
76,City,759
76,Civic,761
76,Concerto,762
76,CR-V,763
76,CR-X,764
76,CR-Z,765
76,Crossroad,766
76,Crosstour,767
76,Domani,768
76,Edix,769
76,Element,770
76,Elysion,771
76,FCX Clarity,772
76,Fit Aria,773
76,Fit,774
76,FR-V,775
76,Freed,776
76,HR-V,777
76,Insight,778
76,Inspire,779
76,Integra,780
76,Integra SJ,781
76,Jazz,782
76,Legend,783
76,Life,784
76,Logo,785
76,MDX,786
76,Mobilio,787
76,NSX,788
76,Odyssey,790
76,Orthia,791
76,Partner,792
76,Passport,793
76,Pilot,794
76,Prelude,795
76,Quint,796
76,Rafaga,797
76,Ridgeline,798
76,S-MX,799
76,S2000,800
76,Saber,801
76,Shuttle,802
76,Stepwgn,803
76,Stream,804
76,That's,805
76,Today,806
76,Torneo,807
76,Vamos,808
76,Vigor,809
76,Z,810
76,Zest,811
80,EX-Series,861
80,FX-Series,862
80,G-Series,864
80,J30,865
80,JX-Series,866
80,M-Series,867
80,Q45,868
80,Q50,869
80,Q60,870
80,QX-Series,871
80,QX50,872
80,QX60,873
80,QX70,874
80,QX80,875
80,Q70,2112
80,Q40,2249
80,Q30,19343
76,Acty,19404
80,QX30,19516
76,Ascot Innova,19570
76,1300,20153
76,145,20154
76,Amaze,20155
76,Ballade,20156
76,Brio,20157
76,Ciimo,20158
76,Crider,20159
76,Fit Shuttle,20160
76,Lagreat,20161
76,Mobilio Spike,20162
76,MR-V,20163
76,N360,20164
76,N600,20165
76,N Box,20166
76,N-One,20167
76,Quintet,20168
76,S500,20169
76,S600,20170
76,S800,20171
76,Spirior,20172
80,I-Series,20214
76,Jade,22490